weekday,weekday_name,hour,hour_weight,daily_weight,raw_weight
0,Lundi,1,0.001666666667,1.03,0.00171666666701
0,Lundi,2,0.001666666667,1.03,0.00171666666701
0,Lundi,3,0.0,1.03,0.0
0,Lundi,4,0.0,1.03,0.0
0,Lundi,5,0.000833333333,1.03,0.00085833333299
0,Lundi,6,0.001666666667,1.03,0.00171666666701
0,Lundi,7,0.005,1.03,0.00515
0,Lundi,8,0.025,1.03,0.025750000000000002
0,Lundi,9,0.091666666667,1.03,0.09441666666701001
0,Lundi,10,0.066666666667,1.03,0.06866666666701
0,Lundi,11,0.058333333333,1.03,0.06008333333299
0,Lundi,12,0.0625,1.03,0.064375
0,Lundi,13,0.1,1.03,0.10300000000000001
0,Lundi,14,0.116666666667,1.03,0.12016666666701001
0,Lundi,15,0.083333333333,1.03,0.08583333333299
0,Lundi,16,0.05,1.03,0.051500000000000004
0,Lundi,17,0.041666666667,1.03,0.04291666666701
0,Lundi,18,0.058333333333,1.03,0.06008333333299
0,Lundi,19,0.075,1.03,0.07725
0,Lundi,20,0.070833333333,1.03,0.07295833333299
0,Lundi,21,0.05,1.03,0.051500000000000004
0,Lundi,22,0.020833333333,1.03,0.021458333332990003
0,Lundi,23,0.008333333333,1.03,0.008583333332989999
0,Lundi,24,0.01,1.03,0.0103
1,Mardi,1,0.001666666667,1.03,0.00171666666701
1,Mardi,2,0.001666666667,1.03,0.00171666666701
1,Mardi,3,0.0,1.03,0.0
1,Mardi,4,0.0,1.03,0.0
1,Mardi,5,0.000833333333,1.03,0.00085833333299
1,Mardi,6,0.001666666667,1.03,0.00171666666701
1,Mardi,7,0.005,1.03,0.00515
1,Mardi,8,0.025,1.03,0.025750000000000002
1,Mardi,9,0.091666666667,1.03,0.09441666666701001
1,Mardi,10,0.066666666667,1.03,0.06866666666701
1,Mardi,11,0.058333333333,1.03,0.06008333333299
1,Mardi,12,0.0625,1.03,0.064375
1,Mardi,13,0.1,1.03,0.10300000000000001
1,Mardi,14,0.116666666667,1.03,0.12016666666701001
1,Mardi,15,0.083333333333,1.03,0.08583333333299
1,Mardi,16,0.05,1.03,0.051500000000000004
1,Mardi,17,0.041666666667,1.03,0.04291666666701
1,Mardi,18,0.058333333333,1.03,0.06008333333299
1,Mardi,19,0.075,1.03,0.07725
1,Mardi,20,0.070833333333,1.03,0.07295833333299
1,Mardi,21,0.05,1.03,0.051500000000000004
1,Mardi,22,0.020833333333,1.03,0.021458333332990003
1,Mardi,23,0.008333333333,1.03,0.008583333332989999
1,Mardi,24,0.01,1.03,0.0103
2,Mercredi,1,0.001666666667,1.03,0.00171666666701
2,Mercredi,2,0.001666666667,1.03,0.00171666666701
2,Mercredi,3,0.0,1.03,0.0
2,Mercredi,4,0.0,1.03,0.0
2,Mercredi,5,0.000833333333,1.03,0.00085833333299
2,Mercredi,6,0.001666666667,1.03,0.00171666666701
2,Mercredi,7,0.005,1.03,0.00515
2,Mercredi,8,0.025,1.03,0.025750000000000002
2,Mercredi,9,0.091666666667,1.03,0.09441666666701001
2,Mercredi,10,0.066666666667,1.03,0.06866666666701
2,Mercredi,11,0.058333333333,1.03,0.06008333333299
2,Mercredi,12,0.0625,1.03,0.064375
2,Mercredi,13,0.1,1.03,0.10300000000000001
2,Mercredi,14,0.116666666667,1.03,0.12016666666701001
2,Mercredi,15,0.083333333333,1.03,0.08583333333299
2,Mercredi,16,0.05,1.03,0.051500000000000004
2,Mercredi,17,0.041666666667,1.03,0.04291666666701
2,Mercredi,18,0.058333333333,1.03,0.06008333333299
2,Mercredi,19,0.075,1.03,0.07725
2,Mercredi,20,0.070833333333,1.03,0.07295833333299
2,Mercredi,21,0.05,1.03,0.051500000000000004
2,Mercredi,22,0.020833333333,1.03,0.021458333332990003
2,Mercredi,23,0.008333333333,1.03,0.008583333332989999
2,Mercredi,24,0.01,1.03,0.0103
3,Jeudi,1,0.001666666667,1.03,0.00171666666701
3,Jeudi,2,0.001666666667,1.03,0.00171666666701
3,Jeudi,3,0.0,1.03,0.0
3,Jeudi,4,0.0,1.03,0.0
3,Jeudi,5,0.000833333333,1.03,0.00085833333299
3,Jeudi,6,0.001666666667,1.03,0.00171666666701
3,Jeudi,7,0.005,1.03,0.00515
3,Jeudi,8,0.025,1.03,0.025750000000000002
3,Jeudi,9,0.091666666667,1.03,0.09441666666701001
3,Jeudi,10,0.066666666667,1.03,0.06866666666701
3,Jeudi,11,0.058333333333,1.03,0.06008333333299
3,Jeudi,12,0.0625,1.03,0.064375
3,Jeudi,13,0.1,1.03,0.10300000000000001
3,Jeudi,14,0.116666666667,1.03,0.12016666666701001
3,Jeudi,15,0.083333333333,1.03,0.08583333333299
3,Jeudi,16,0.05,1.03,0.051500000000000004
3,Jeudi,17,0.041666666667,1.03,0.04291666666701
3,Jeudi,18,0.058333333333,1.03,0.06008333333299
3,Jeudi,19,0.075,1.03,0.07725
3,Jeudi,20,0.070833333333,1.03,0.07295833333299
3,Jeudi,21,0.05,1.03,0.051500000000000004
3,Jeudi,22,0.020833333333,1.03,0.021458333332990003
3,Jeudi,23,0.008333333333,1.03,0.008583333332989999
3,Jeudi,24,0.01,1.03,0.0103
4,Vendredi,1,0.001666666667,1.03,0.00171666666701
4,Vendredi,2,0.001666666667,1.03,0.00171666666701
4,Vendredi,3,0.0,1.03,0.0
4,Vendredi,4,0.0,1.03,0.0
4,Vendredi,5,0.000833333333,1.03,0.00085833333299
4,Vendredi,6,0.001666666667,1.03,0.00171666666701
4,Vendredi,7,0.005,1.03,0.00515
4,Vendredi,8,0.025,1.03,0.025750000000000002
4,Vendredi,9,0.091666666667,1.03,0.09441666666701001
4,Vendredi,10,0.066666666667,1.03,0.06866666666701
4,Vendredi,11,0.058333333333,1.03,0.06008333333299
4,Vendredi,12,0.0625,1.03,0.064375
4,Vendredi,13,0.1,1.03,0.10300000000000001
4,Vendredi,14,0.116666666667,1.03,0.12016666666701001
4,Vendredi,15,0.083333333333,1.03,0.08583333333299
4,Vendredi,16,0.05,1.03,0.051500000000000004
4,Vendredi,17,0.041666666667,1.03,0.04291666666701
4,Vendredi,18,0.058333333333,1.03,0.06008333333299
4,Vendredi,19,0.075,1.03,0.07725
4,Vendredi,20,0.070833333333,1.03,0.07295833333299
4,Vendredi,21,0.05,1.03,0.051500000000000004
4,Vendredi,22,0.020833333333,1.03,0.021458333332990003
4,Vendredi,23,0.008333333333,1.03,0.008583333332989999
4,Vendredi,24,0.01,1.03,0.0103
5,Samedi,1,0.001666666667,0.92,0.00153333333364
5,Samedi,2,0.001666666667,0.92,0.00153333333364
5,Samedi,3,0.0,0.92,0.0
5,Samedi,4,0.0,0.92,0.0
5,Samedi,5,0.000833333333,0.92,0.00076666666636
5,Samedi,6,0.001666666667,0.92,0.00153333333364
5,Samedi,7,0.005,0.92,0.0046
5,Samedi,8,0.025,0.92,0.023000000000000003
5,Samedi,9,0.091666666667,0.92,0.08433333333364001
5,Samedi,10,0.066666666667,0.92,0.06133333333364
5,Samedi,11,0.058333333333,0.92,0.05366666666636
5,Samedi,12,0.0625,0.92,0.0575
5,Samedi,13,0.1,0.92,0.09200000000000001
5,Samedi,14,0.116666666667,0.92,0.10733333333364001
5,Samedi,15,0.083333333333,0.92,0.07666666666636
5,Samedi,16,0.05,0.92,0.046000000000000006
5,Samedi,17,0.041666666667,0.92,0.03833333333364
5,Samedi,18,0.058333333333,0.92,0.05366666666636
5,Samedi,19,0.075,0.92,0.069
5,Samedi,20,0.070833333333,0.92,0.06516666666636
5,Samedi,21,0.05,0.92,0.046000000000000006
5,Samedi,22,0.020833333333,0.92,0.01916666666636
5,Samedi,23,0.008333333333,0.92,0.007666666666359999
5,Samedi,24,0.01,0.92,0.0092
6,Dimanche,1,0.001666666667,0.92,0.00153333333364
6,Dimanche,2,0.001666666667,0.92,0.00153333333364
6,Dimanche,3,0.0,0.92,0.0
6,Dimanche,4,0.0,0.92,0.0
6,Dimanche,5,0.000833333333,0.92,0.00076666666636
6,Dimanche,6,0.001666666667,0.92,0.00153333333364
6,Dimanche,7,0.005,0.92,0.0046
6,Dimanche,8,0.025,0.92,0.023000000000000003
6,Dimanche,9,0.091666666667,0.92,0.08433333333364001
6,Dimanche,10,0.066666666667,0.92,0.06133333333364
6,Dimanche,11,0.058333333333,0.92,0.05366666666636
6,Dimanche,12,0.0625,0.92,0.0575
6,Dimanche,13,0.1,0.92,0.09200000000000001
6,Dimanche,14,0.116666666667,0.92,0.10733333333364001
6,Dimanche,15,0.083333333333,0.92,0.07666666666636
6,Dimanche,16,0.05,0.92,0.046000000000000006
6,Dimanche,17,0.041666666667,0.92,0.03833333333364
6,Dimanche,18,0.058333333333,0.92,0.05366666666636
6,Dimanche,19,0.075,0.92,0.069
6,Dimanche,20,0.070833333333,0.92,0.06516666666636
6,Dimanche,21,0.05,0.92,0.046000000000000006
6,Dimanche,22,0.020833333333,0.92,0.01916666666636
6,Dimanche,23,0.008333333333,0.92,0.007666666666359999
6,Dimanche,24,0.01,0.92,0.0092
